{"cameraMode":{"drawMode":0,"name":"Shaded","section":"Shading Mode"},"sceneLighting":true,"audioPlay":false,"sceneViewState":{"showFog":true,"showMaterialUpdate":false,"showSkybox":true,"showFlares":true,"showImageEffects":true,"showParticleSystems":true,"showVisualEffectGraphs":true,"m_FxEnabled":true},"in2DMode":false,"pivot":{"x":30.789152145385743,"y":8.420859336853028,"z":15.473093032836914},"rotation":{"x":-0.0013857431476935745,"y":-0.9982526302337647,"z":0.025770442560315133,"w":-0.05366518348455429},"size":103.77543640136719,"orthographic":false}