{"cameraMode":{"drawMode":0,"name":"Shaded","section":"Shading Mode"},"sceneLighting":false,"audioPlay":false,"sceneViewState":{"showFog":true,"showMaterialUpdate":false,"showSkybox":false,"showFlares":true,"showImageEffects":true,"showParticleSystems":true,"showVisualEffectGraphs":true,"m_FxEnabled":true},"in2DMode":false,"pivot":{"x":0.7052756547927856,"y":-0.024181365966796876,"z":5.085893630981445},"rotation":{"x":0.003277816344052553,"y":0.990567147731781,"z":-0.13485734164714814,"w":0.02407648041844368},"size":0.9794602394104004,"orthographic":false}