{"cameraMode":{"drawMode":0,"name":"Shaded","section":"Shading Mode"},"sceneLighting":true,"audioPlay":false,"sceneViewState":{"m_AlwaysRefresh":false,"showFog":true,"showSkybox":true,"showFlares":true,"showImageEffects":true,"showParticleSystems":true,"showVisualEffectGraphs":true,"m_FxEnabled":true},"in2DMode":false,"pivot":{"x":30.283842086791993,"y":26.432064056396486,"z":66.36981201171875},"rotation":{"x":0.28759434819221499,"y":-0.17711590230464936,"z":0.05422409996390343,"w":0.9396985173225403},"size":0.9794605374336243,"orthographic":false}